epoch,branch,phase,train_loss,train_character_accuracy,dev_loss,dev_character_accuracy,dev_exact_plate_accuracy,train_seconds,dev_seconds
1,dense,shared_pretraining,3.321163104504955,0.14285714285714285,,,,0.12245780002558604,0.0
2,dense,shared_pretraining,3.219895547750045,0.3877551020408163,,,,0.011111700034234673,0.0
3,dense,shared_pretraining,3.121355037299954,0.4489795918367347,,,,0.011043100035749376,0.0
4,dense,shared_pretraining,2.996543368514703,0.3673469387755102,,,,0.011612700007390231,0.0
5,dense,shared_pretraining,2.8740806774217256,0.3469387755102041,2.9830656590023743,0.24249821991659037,0.0,0.011659200012218207,0.18405769998207688
6,dense,shared_pretraining,2.735723875006851,0.3469387755102041,,,,0.013269899995066226,0.0
7,dense,shared_pretraining,2.6104624271392822,0.32653061224489793,,,,0.011831300042103976,0.0
8,dense,shared_pretraining,2.496650520636111,0.32653061224489793,,,,0.01142910000635311,0.0
9,dense,shared_pretraining,2.3956109017741922,0.3673469387755102,,,,0.011393299966584891,0.0
10,dense,shared_pretraining,2.298383951187134,0.3673469387755102,2.653799920561791,0.24249821991659037,0.0,0.0156074000406079,0.2506318999803625
11,dense,shared_pretraining,2.2296430626694037,0.3877551020408163,,,,0.01695249998010695,0.0
12,dense,shared_pretraining,2.155008150606739,0.42857142857142855,,,,0.0175673000048846,0.0
13,dense,shared_pretraining,2.0741659646131554,0.4489795918367347,,,,0.015823900001123548,0.0
14,dense,shared_pretraining,2.0022686208997453,0.4897959183673469,,,,0.016275800007861108,0.0
15,dense,shared_pretraining,1.9423564696798519,0.5306122448979592,2.443805991421031,0.33455396195707454,0.0,0.01723100000526756,0.21712849999312311
16,dense,shared_pretraining,1.8885699875500737,0.5510204081632653,,,,0.022188099974300712,0.0
17,dense,shared_pretraining,1.8299115433984874,0.5714285714285714,,,,0.01530640001874417,0.0
18,dense,shared_pretraining,1.7745734015289618,0.5918367346938775,,,,0.011839199985843152,0.0
19,dense,shared_pretraining,1.7222114144539347,0.5918367346938775,,,,0.012213399983011186,0.0
20,dense,shared_pretraining,1.6771353215587383,0.6122448979591837,2.337248998429911,0.35143932458549487,0.0,0.010577299981378019,0.20492320001358166
21,dense,shared_pretraining,1.6349711710092973,0.6530612244897959,,,,0.012146499997470528,0.0
22,dense,shared_pretraining,1.600222923317734,0.6326530612244898,,,,0.011656199989374727,0.0
23,dense,shared_pretraining,1.56988652385011,0.6326530612244898,,,,0.012629500008188188,0.0
24,dense,shared_pretraining,1.5291513399201997,0.673469387755102,,,,0.010719900019466877,0.0
25,dense,shared_pretraining,1.4800963584257631,0.6530612244897959,2.2234994273088238,0.3697487539416133,0.0,0.013351999979931861,0.16731310001341626
26,dense,shared_pretraining,1.4393295463250608,0.6326530612244898,,,,0.013275899982545525,0.0
27,dense,shared_pretraining,1.4103152411324638,0.673469387755102,,,,0.012406399997416884,0.0
28,dense,shared_pretraining,1.3728751941603057,0.6938775510204082,,,,0.010645899979863316,0.0
29,dense,shared_pretraining,1.35485975109801,0.6530612244897959,,,,0.014462999999523163,0.0
30,dense,shared_pretraining,1.3268419212224531,0.6530612244897959,2.154904898398163,0.39365273115654564,0.0,0.0141596999601461,0.18253460002597421
31,dense,shared_pretraining,1.285391386674375,0.7142857142857143,,,,0.012404699984472245,0.0
32,dense,shared_pretraining,1.257868664605277,0.7346938775510204,,,,0.011617899988777936,0.0
33,dense,shared_pretraining,1.223844017301287,0.7142857142857143,,,,0.014253999979700893,0.0
34,dense,shared_pretraining,1.196076743456782,0.7142857142857143,,,,0.0171762999962084,0.0
35,dense,shared_pretraining,1.1739474607973683,0.6938775510204082,2.077055905384494,0.4179635845793917,0.0008156606851549756,0.014334800012875348,0.2136558000347577
36,dense,shared_pretraining,1.14226225687533,0.7346938775510204,,,,0.012812700006179512,0.0
37,dense,shared_pretraining,1.0954821973430866,0.7755102040816326,,,,0.01650629995856434,0.0
38,dense,shared_pretraining,1.0797491852118044,0.7551020408163265,,,,0.016583899967372417,0.0
39,dense,shared_pretraining,1.0681560562581431,0.7551020408163265,,,,0.01667699997778982,0.0
40,dense,shared_pretraining,1.0370153261690724,0.7551020408163265,1.9783557421944535,0.4644491913335368,0.0016313213703099511,0.02099719998659566,0.22613249998539686
41,dense,continuation,1.0267123154231481,0.7551020408163265,,,,0.02123880002181977,0.0
41,conv2_pruned,continuation,1.2950661133746713,0.7755102040816326,,,,0.014853800006676465,0.0
42,dense,continuation,0.9502368526799339,0.7755102040816326,,,,0.010348199983127415,0.0
42,conv2_pruned,continuation,1.18812339038265,0.7142857142857143,,,,0.009419100009836257,0.0
43,dense,continuation,0.9270920364224181,0.7755102040816326,,,,0.010388599999714643,0.0
43,conv2_pruned,continuation,1.1467634512453664,0.673469387755102,,,,0.011343100049998611,0.0
44,dense,continuation,0.8999008840444137,0.7551020408163265,,,,0.012125900015234947,0.0
44,conv2_pruned,continuation,1.1062763686082802,0.673469387755102,,,,0.010380799998529255,0.0
45,dense,continuation,0.8495959031338595,0.8163265306122449,1.919911682296534,0.48591191130098665,0.0032626427406199023,0.01118610001867637,0.17174689995590597
45,conv2_pruned,continuation,1.0471497555168308,0.7142857142857143,1.9648431493336012,0.45926151968263657,0.0024469820554649264,0.012211099965497851,0.2051590000046417
46,dense,continuation,0.8491352942525124,0.8163265306122449,,,,0.013876600016374141,0.0
46,conv2_pruned,continuation,1.0345864198645767,0.7755102040816326,,,,0.016059899993706495,0.0
47,dense,continuation,0.8355433892230598,0.8367346938775511,,,,0.01454499998362735,0.0
47,conv2_pruned,continuation,1.0056852953774589,0.7755102040816326,,,,0.01311380002880469,0.0
48,dense,continuation,0.7898850343665298,0.7959183673469388,,,,0.01434789999620989,0.0
48,conv2_pruned,continuation,0.970494058667397,0.7551020408163265,,,,0.014461099985055625,0.0
49,dense,continuation,0.7700280699194694,0.8163265306122449,,,,0.015649600012693554,0.0
49,conv2_pruned,continuation,0.9533290929940282,0.7551020408163265,,,,0.0155257000005804,0.0
50,dense,continuation,0.7296650774624883,0.8367346938775511,1.8900051681523211,0.5065608788526091,0.0024469820554649264,0.015650700021069497,0.22732649999670684
50,conv2_pruned,continuation,0.9152596288797806,0.7551020408163265,1.924815434306578,0.4767571966229275,0.0032626427406199023,0.02496029995381832,0.20580280001740903
51,dense,continuation,0.7231365801120291,0.8571428571428571,,,,0.021120999997947365,0.0
51,conv2_pruned,continuation,0.8972163285527911,0.7959183673469388,,,,0.02225509996060282,0.0
52,dense,continuation,0.6904901351247515,0.8367346938775511,,,,0.027791399974375963,0.0
52,conv2_pruned,continuation,0.8668838325811892,0.8163265306122449,,,,0.014557000016793609,0.0
53,dense,continuation,0.6732463933983628,0.8775510204081632,,,,0.014191999973263592,0.0
53,conv2_pruned,continuation,0.8466702772646534,0.7959183673469388,,,,0.016341199981980026,0.0
54,dense,continuation,0.6804638736102046,0.8571428571428571,,,,0.01968900003703311,0.0
54,conv2_pruned,continuation,0.845234460976659,0.8163265306122449,,,,0.014877600013278425,0.0
55,dense,continuation,0.6590624749660492,0.8571428571428571,1.824851919125109,0.5341267419387651,0.004893964110929853,0.015392900037113577,0.23191979998955503
55,conv2_pruned,continuation,0.8216624904652031,0.8367346938775511,1.8613512390155345,0.5075780693723935,0.004893964110929853,0.01391809998312965,0.2103564000572078
56,dense,continuation,0.6399477489140569,0.8571428571428571,,,,0.015223200025502592,0.0
56,conv2_pruned,continuation,0.8073637655803135,0.8367346938775511,,,,0.012745199957862496,0.0
57,dense,continuation,0.6132181736887717,0.8775510204081632,,,,0.01321449998067692,0.0
57,conv2_pruned,continuation,0.7833897678219542,0.8367346938775511,,,,0.01484710001386702,0.0
58,dense,continuation,0.5742325101579938,0.9183673469387755,,,,0.012346500006970018,0.0
58,conv2_pruned,continuation,0.745845865230171,0.8163265306122449,,,,0.015614299976732582,0.0
59,dense,continuation,0.5614426318480044,0.8571428571428571,,,,0.017713800014462322,0.0
59,conv2_pruned,continuation,0.7179059063901707,0.8367346938775511,,,,0.015703699958976358,0.0
60,dense,continuation,0.5865147052978983,0.8367346938775511,1.8607549542219566,0.5059505645407385,0.0032626427406199023,0.013763799972366542,0.20218550000572577
60,conv2_pruned,continuation,0.7163339342389788,0.7959183673469388,1.8670044923141522,0.49089614484793004,0.0024469820554649264,0.01435379998292774,0.2140542000415735
61,dense,continuation,0.6094904392957687,0.7959183673469388,,,,0.019837500003632158,0.0
61,conv2_pruned,continuation,0.7357925249605762,0.8163265306122449,,,,0.01497600000584498,0.0
62,dense,continuation,0.5636420274267391,0.8367346938775511,,,,0.01797350001288578,0.0
62,conv2_pruned,continuation,0.7073681987061793,0.8163265306122449,,,,0.018289800034835935,0.0
63,dense,continuation,0.5174363614345083,0.9183673469387755,,,,0.016827300016302615,0.0
63,conv2_pruned,continuation,0.6792205882315733,0.8163265306122449,,,,0.016702399996574968,0.0
64,dense,continuation,0.485356299320654,0.9591836734693877,,,,0.019333699950948358,0.0
64,conv2_pruned,continuation,0.6420621954056681,0.8571428571428571,,,,0.013955899979919195,0.0
65,dense,continuation,0.4672664534680697,0.9591836734693877,1.8011258245302646,0.5396195707456006,0.008156606851549755,0.013317000004462898,0.23456279997481033
65,conv2_pruned,continuation,0.6166221417334615,0.8979591836734694,1.8326574951643717,0.5152069982707761,0.005709624796084829,0.015366800012998283,0.1459059999906458
66,dense,continuation,0.4664033529709797,0.9387755102040817,,,,0.011474099999759346,0.0
66,conv2_pruned,continuation,0.6133390786696453,0.9183673469387755,,,,0.010391800024081022,0.0
67,dense,continuation,0.46495020267914755,0.9183673469387755,,,,0.011233599972911179,0.0
67,conv2_pruned,continuation,0.6029061443951665,0.9183673469387755,,,,0.00996969995321706,0.0
68,dense,continuation,0.43177928121722475,0.9387755102040817,,,,0.01135200000135228,0.0
68,conv2_pruned,continuation,0.5760206981581084,0.9183673469387755,,,,0.010506900027394295,0.0
69,dense,continuation,0.4139166352700214,0.9387755102040817,,,,0.010195799986831844,0.0
69,conv2_pruned,continuation,0.554850555804311,0.9183673469387755,,,,0.010655199992470443,0.0
70,dense,continuation,0.4212399076442329,0.9387755102040817,1.7787475694585169,0.5598616620893093,0.008156606851549755,0.00977699999930337,0.1494811000302434
70,conv2_pruned,continuation,0.5572018112455096,0.8775510204081632,1.7644011569573645,0.5552843047502797,0.00897226753670473,0.011126999976113439,0.133326799958013
71,dense,continuation,0.39788587482608095,0.9795918367346939,,,,0.012867799960076809,0.0
71,conv2_pruned,continuation,0.5299166489620598,0.9387755102040817,,,,0.011363999976310879,0.0
72,dense,continuation,0.40890900699459776,0.9387755102040817,,,,0.013691100000869483,0.0
72,conv2_pruned,continuation,0.5420617254412904,0.8775510204081632,,,,0.012989799957722425,0.0
73,dense,continuation,0.38362362920021525,0.9795918367346939,,,,0.011792400036938488,0.0
73,conv2_pruned,continuation,0.5211435897009713,0.8979591836734694,,,,0.011538400023709983,0.0
74,dense,continuation,0.3622938479696001,0.9795918367346939,,,,0.010997800040058792,0.0
74,conv2_pruned,continuation,0.4976151591661025,0.9591836734693877,,,,0.010686399997211993,0.0
75,dense,continuation,0.3623445128299752,0.9795918367346939,1.7230960883585922,0.5605736954531584,0.01468189233278956,0.010572400002274662,0.14951790001941845
75,conv2_pruned,continuation,0.4891017015491213,0.9387755102040817,1.7319729568004947,0.5495880378394873,0.009787928221859706,0.01100239995867014,0.14802689995849505
76,dense,continuation,0.35328634965176486,0.9591836734693877,,,,0.011994100001174957,0.0
76,conv2_pruned,continuation,0.46373932869458684,0.9591836734693877,,,,0.011813300021458417,0.0
77,dense,continuation,0.34964813748184514,0.9591836734693877,,,,0.01623260002816096,0.0
77,conv2_pruned,continuation,0.45495577612701726,0.9591836734693877,,,,0.012560500006657094,0.0
78,dense,continuation,0.33775883548113766,0.9387755102040817,,,,0.01723100000526756,0.0
78,conv2_pruned,continuation,0.45529819143061734,0.9387755102040817,,,,0.012721700011752546,0.0
79,dense,continuation,0.31745580933531936,0.9591836734693877,,,,0.013083699974231422,0.0
79,conv2_pruned,continuation,0.43919380282869147,0.9591836734693877,,,,0.010934899968560785,0.0
80,dense,continuation,0.3130288507257189,0.9591836734693877,1.7310460835358774,0.5700335672871529,0.011419249592169658,0.014021800016053021,0.20367789996089414
80,conv2_pruned,continuation,0.42703962143586605,0.9591836734693877,1.7152038595948285,0.5653544908961449,0.012234910277324634,0.014917200023774058,0.20969499996863306
