epoch,branch,phase,train_loss,train_character_accuracy,val_loss,val_character_accuracy,train_seconds,val_seconds,train_images_per_second,train_cpu_seconds,process_peak_rss_bytes_so_far
1,dense,shared_pretraining,0.8279173505329457,0.7995884227296867,0.4630427791530317,0.8892761127153241,29.482364499999676,1.6410685000009835,6131.394244176107,116.8125,852021248
2,dense,shared_pretraining,0.44799552179687024,0.8939911931315278,0.4013719203924855,0.9047595340037837,29.627428400010103,1.6431317000242416,6101.373280170963,117.53125,859611136
3,dense,shared_pretraining,0.4041541695468171,0.9034121083377589,0.37274677323995925,0.9123269939261177,29.519143000012264,1.6556145000213291,6123.755015513997,116.90625,859611136
4,dense,shared_pretraining,0.3796914515716457,0.9083134183041246,0.35726418644620117,0.9136214278602012,29.52097089999006,1.681320500007132,6123.375840598144,116.90625,859611136
5,dense,shared_pretraining,0.363794636293246,0.9120972738537795,0.34751526617759326,0.9175047296624514,29.258425900014117,1.5775313999911305,6178.322805804559,116.21875,859611136
6,dense,continuation,0.3523311319341067,0.9140057974862807,0.33708901788969264,0.9186498058349098,30.113050299987663,1.857627399993362,6002.978715180974,118.609375,859611136
6,conv2_pruned,continuation,0.37645504213599196,0.9085070366436537,0.35011758569178797,0.9154635069202429,29.951273699989542,1.6463517000083812,6035.4027615213945,117.984375,859611136
7,dense,continuation,0.343383300956487,0.916152195078775,0.33216712330722553,0.9196455242457433,30.54152470000554,1.698794399999315,5918.76148213279,120.96875,859611136
7,conv2_pruned,continuation,0.3588737954521922,0.912849619401664,0.342749537960367,0.917255800059743,30.97386849997565,1.6812821000057738,5836.145394629738,121.46875,859611136
8,dense,continuation,0.3363457408364863,0.9173692246415295,0.32779373226917846,0.9211391018619934,30.323880800016923,1.650058999977773,5961.2422694887755,119.78125,859611136
8,conv2_pruned,continuation,0.3505682887495946,0.9141994158258099,0.3360553222693474,0.9187493776759932,18.429137700004503,0.8578493999957573,9808.814874716349,72.28125,859611136
9,dense,continuation,0.329956563057404,0.9186968932554435,0.32435725494161327,0.9216369610674101,17.49502429997665,0.84896469998057,10332.53780620592,68.828125,859611136
9,conv2_pruned,continuation,0.3438696678095443,0.9158147459727385,0.33309049600032203,0.9190978791197849,14.027805399993667,0.7586479000165127,12886.406308436643,55.3125,859611136
10,dense,continuation,0.3248842267913404,0.919681580810763,0.3202832640612089,0.9229313950014936,15.150404499989236,0.7164307000057306,11931.562619343162,59.59375,861700096
10,conv2_pruned,continuation,0.3386050791793385,0.9165338998052752,0.3290840959472983,0.9201931693717017,14.05904580000788,0.7739107000234071,12857.771613483092,55.015625,861700096
