epoch,train_loss,train_top1_accuracy,validation_loss,validation_top1_accuracy,validation_runtime_plate_exact_including_skips,validation_reference_crop_character_accuracy,hard_examples_selected_fraction,learning_rate,epoch_seconds
1,0.1314431434869766,0.986375,0.023235791126887003,0.9979166666666667,0.9866666666666667,0.9983333333333333,0.25,9.938441702975689e-05,7.03426600000239
2,0.12316603481769561,0.986875,0.020826187928517658,0.9983333333333333,0.9866666666666667,0.9983333333333333,0.25,9.755282581475769e-05,7.95941429999948
3,0.11509142315387726,0.988375,0.01946444422006607,0.99875,0.99,0.99875,0.25,9.45503262094184e-05,9.129704999999376
4,0.1135206397920847,0.98775,0.018407506744066875,0.9983333333333333,0.99,0.99875,0.25,9.045084971874738e-05,9.233980699998938
5,0.11096355420351028,0.988,0.018017150362332663,0.99875,0.9933333333333333,0.9991666666666666,0.25,8.535533905932738e-05,9.780830299998343
6,0.10821117234230042,0.9885,0.017967404623826344,0.9983333333333333,0.9933333333333333,0.9991666666666666,0.25,7.938926261462366e-05,9.866557400000602
7,0.10703787904977799,0.98825,0.0176812840004762,0.99875,0.9933333333333333,0.9991666666666666,0.25,7.269952498697734e-05,9.34649569999965
8,0.10463827753067016,0.988625,0.017602456510066988,0.9983333333333333,0.9933333333333333,0.9991666666666666,0.25,6.545084971874738e-05,9.471053400000528
9,0.1039097961038351,0.98825,0.01766564220190048,0.9983333333333333,0.9933333333333333,0.9991666666666666,0.25,5.782172325201156e-05,7.929183100000955
10,0.10357363817095756,0.988125,0.017465886076291404,0.9983333333333333,0.9933333333333333,0.9991666666666666,0.25,5.000000000000001e-05,7.361058300000877
11,0.10126405543088914,0.989,0.01736849844455719,0.9983333333333333,0.9933333333333333,0.9991666666666666,0.25,4.217827674798848e-05,8.005998799999361
12,0.10002096176147461,0.989125,0.017279894451300303,0.9983333333333333,0.9933333333333333,0.9991666666666666,0.25,3.454915028125264e-05,7.653016199998092
13,0.09956807507574558,0.989,0.01751429706811905,0.9983333333333333,0.9933333333333333,0.9991666666666666,0.25,2.730047501302267e-05,7.7603782000005594
14,0.09774776631593704,0.989625,0.01746599465608597,0.9983333333333333,0.9933333333333333,0.9991666666666666,0.25,2.0610737385376356e-05,7.780543999997462
15,0.09864453116804361,0.989,0.017393325467904407,0.9983333333333333,0.9933333333333333,0.9991666666666666,0.25,1.464466094067263e-05,7.9281775999988895
16,0.10012460923194885,0.989,0.017348599632581074,0.9983333333333333,0.9933333333333333,0.9991666666666666,0.25,9.549150281252635e-06,8.14375260000088
17,0.09785819900035858,0.98925,0.017372661580642063,0.9983333333333333,0.9933333333333333,0.9991666666666666,0.25,5.4496737905816115e-06,8.062267199999042
18,0.09731396940350533,0.98875,0.017374844004710514,0.9983333333333333,0.9933333333333333,0.9991666666666666,0.25,2.4471741852423237e-06,7.80470829999831
19,0.0977595254778862,0.9885,0.017376412550608317,0.9983333333333333,0.9933333333333333,0.9991666666666666,0.25,6.155829702431171e-07,8.348575800002436
20,0.09704989981651306,0.989125,0.01737586662173271,0.9983333333333333,0.9933333333333333,0.9991666666666666,0.25,0.0,7.980269600000611
