model,true,predicted,count
dense,0,1,1
dense,0,4,1
dense,0,6,2
dense,1,2,3
dense,1,3,1
dense,1,4,1
dense,1,6,1
dense,1,7,2
dense,1,A,2
dense,2,1,1
dense,2,6,1
dense,2,7,2
dense,2,9,1
dense,2,C,1
dense,3,4,2
dense,3,6,5
dense,3,8,1
dense,3,9,3
dense,4,3,2
dense,4,5,1
dense,4,6,1
dense,4,7,1
dense,4,A,4
dense,5,1,1
dense,5,4,1
dense,5,6,5
dense,5,9,1
dense,6,0,3
dense,6,1,2
dense,6,2,1
dense,6,3,2
dense,6,5,2
dense,6,A,2
dense,6,B,2
dense,6,C,5
dense,7,0,1
dense,7,1,3
dense,7,2,1
dense,7,3,1
dense,7,8,1
dense,8,2,1
dense,8,3,1
dense,8,7,1
dense,8,9,1
dense,8,B,2
dense,9,4,1
dense,9,A,2
dense,9,C,1
dense,A,1,1
dense,A,3,4
dense,A,6,3
dense,A,F,1
dense,A,M,1
dense,B,0,1
dense,B,5,2
dense,B,8,2
dense,B,C,1
dense,C,0,1
dense,C,1,1
dense,C,3,1
dense,C,4,1
dense,C,5,1
dense,D,0,7
dense,D,C,1
dense,E,5,1
dense,E,6,1
dense,F,6,2
pruned,0,1,1
pruned,0,4,1
pruned,0,6,2
pruned,0,C,1
pruned,1,0,1
pruned,1,2,3
pruned,1,3,1
pruned,1,4,1
pruned,1,6,1
pruned,1,7,1
pruned,1,A,1
pruned,2,1,1
pruned,2,4,1
pruned,2,6,1
pruned,2,7,1
pruned,2,8,1
pruned,2,9,1
pruned,3,1,1
pruned,3,4,2
pruned,3,6,4
pruned,3,8,1
pruned,3,9,3
pruned,3,A,1
pruned,4,3,2
pruned,4,5,1
pruned,4,6,1
pruned,4,7,1
pruned,4,A,5
pruned,5,1,1
pruned,5,2,1
pruned,5,4,1
pruned,5,6,4
pruned,5,9,1
pruned,6,0,5
pruned,6,1,2
pruned,6,2,1
pruned,6,3,2
pruned,6,5,4
pruned,6,A,2
pruned,6,B,2
pruned,6,C,4
pruned,7,0,1
pruned,7,1,3
pruned,7,3,1
pruned,7,8,1
pruned,8,0,1
pruned,8,3,2
pruned,8,7,1
pruned,8,B,2
pruned,9,4,1
pruned,9,A,2
pruned,9,C,1
pruned,A,1,1
pruned,A,3,5
pruned,A,6,3
pruned,A,C,1
pruned,A,M,1
pruned,B,5,2
pruned,B,8,1
pruned,B,C,1
pruned,C,0,1
pruned,C,1,1
pruned,C,3,1
pruned,C,4,1
pruned,C,5,1
pruned,C,8,1
pruned,D,0,7
pruned,D,C,1
pruned,E,5,1
pruned,E,6,1
pruned,F,8,2
