epoch,model,train_loss,train_char_accuracy,real_val_loss,real_val_char_accuracy,train_seconds,real_val_seconds
1,dense,0.6562175431516435,0.8502777777777778,0.4462049627304077,0.8934375,1.7673615000094287,0.06176359998062253
1,pruned,0.570234631035063,0.8636805555555556,0.43027459144592284,0.9,1.4926751999882981,0.05636430002050474
2,dense,0.2258174689610799,0.9500694444444444,0.29241906881332397,0.940625,1.7382991000195034,0.06619889999274164
2,pruned,0.23559065302213034,0.9459027777777778,0.30990079164505,0.9325,1.7410148999770172,0.06095080001978204
3,dense,0.1713817513651318,0.9649305555555555,0.24376259207725526,0.954375,1.8065784000209533,0.05988029995933175
3,pruned,0.18718091163370346,0.9597916666666667,0.2613247239589691,0.94875,1.5510413000010885,0.05665089999092743
4,dense,0.14857811735735998,0.9708680555555556,0.21829334378242493,0.96,1.7041289000189863,0.06233819999033585
4,pruned,0.1639481880598598,0.9662847222222222,0.23355963826179504,0.95375,1.5843373999814503,0.05455719999736175
5,dense,0.13321855455636977,0.9745486111111111,0.20251349806785585,0.9628125,1.6901116000371985,0.0620033000013791
5,pruned,0.1476977405614323,0.9700694444444444,0.21579442262649537,0.9584375,1.5050021999632008,0.04935819999082014
6,dense,0.12216926634311676,0.9767708333333334,0.19282834410667418,0.9678125,1.635167000000365,0.04033069999422878
6,pruned,0.135349098013507,0.9743402777777778,0.20319170117378235,0.9640625,1.2246390000218526,0.054530899971723557
7,dense,0.11470326976643669,0.9788541666666667,0.18381402730941773,0.9690625,1.4638716999907047,0.047330599976703525
7,pruned,0.12697851101557414,0.9758333333333333,0.1923112988471985,0.9659375,1.2210887999972329,0.04604129999643192
8,dense,0.10817354003588359,0.9804513888888889,0.17651520371437074,0.9703125,1.4108679000055417,0.04368210001848638
8,pruned,0.11922010842296812,0.9774305555555556,0.18336140990257263,0.96875,1.1612647000001743,0.061268300050869584
9,dense,0.1025776128222545,0.9817361111111111,0.17300141513347625,0.9703125,1.4018916999921203,0.05170660000294447
9,pruned,0.11351208395428128,0.9788541666666667,0.17813259959220887,0.9696875,1.2334747000131756,0.035153400036506355
10,dense,0.09761168069309659,0.9825347222222223,0.16741852045059205,0.9709375,1.3096457000356168,0.04582140001002699
10,pruned,0.10838045868608687,0.9794791666666667,0.17243578314781188,0.9696875,1.3156760000274517,0.05244120000861585
11,dense,0.09362182707422309,0.9836111111111111,0.1638669604063034,0.9709375,1.390023600019049,0.04190290003316477
11,pruned,0.10380058420201142,0.9812847222222222,0.16898080587387085,0.9709375,1.1548454000148922,0.043860599980689585
12,dense,0.09027154425779979,0.9839583333333334,0.15967247426509856,0.973125,1.2938103000051342,0.04876079998211935
12,pruned,0.10001872186859449,0.9818055555555556,0.16376233458518982,0.973125,1.227098000003025,0.0374115000013262
