character,test_support,dense_correct,dense_accuracy,pruned_correct,pruned_accuracy
0,294,290,0.9863945578231292,289,0.9829931972789115
1,258,248,0.9612403100775194,249,0.9651162790697675
2,258,252,0.9767441860465116,252,0.9767441860465116
3,575,564,0.9808695652173913,563,0.9791304347826087
4,261,252,0.9655172413793104,251,0.9616858237547893
5,167,159,0.9520958083832335,159,0.9520958083832335
6,478,459,0.9602510460251046,456,0.9539748953974896
7,170,163,0.9588235294117647,164,0.9647058823529412
8,144,138,0.9583333333333334,138,0.9583333333333334
9,195,191,0.9794871794871794,191,0.9794871794871794
A,244,234,0.9590163934426229,233,0.9549180327868853
B,22,16,0.7272727272727273,18,0.8181818181818182
C,118,113,0.9576271186440678,112,0.9491525423728814
D,9,1,0.1111111111111111,1,0.1111111111111111
E,5,3,0.6,3,0.6
F,2,0,0.0,0,0.0
G,0,0,,0,
H,0,0,,0,
K,0,0,,0,
L,0,0,,0,
M,0,0,,0,
N,0,0,,0,
P,0,0,,0,
S,0,0,,0,
T,0,0,,0,
U,0,0,,0,
V,0,0,,0,
X,0,0,,0,
Y,0,0,,0,
Z,0,0,,0,
