character,total_2000,train_1600,validation_200,test_200,dense_test_correct,pruned_test_correct
0,2177,1734,224,219,219,219
1,1389,1108,140,141,141,141
2,1533,1208,159,166,166,166
3,2308,1886,213,209,209,209
4,988,798,93,97,97,97
5,887,704,91,92,92,92
6,1760,1417,170,173,173,173
7,870,680,100,90,90,90
8,908,731,91,86,86,86
9,1180,934,119,127,127,127
A,651,523,65,63,63,63
B,402,323,43,36,36,36
C,630,503,56,71,71,71
D,154,119,19,16,16,16
E,82,65,9,8,8,8
F,31,27,1,3,3,3
G,6,5,0,1,1,1
H,25,18,5,2,2,2
K,0,0,0,0,0,0
L,1,1,0,0,0,0
M,15,13,2,0,0,0
N,0,0,0,0,0,0
P,0,0,0,0,0,0
S,2,2,0,0,0,0
T,0,0,0,0,0,0
U,0,0,0,0,0,0
V,0,0,0,0,0,0
X,1,1,0,0,0,0
Y,0,0,0,0,0,0
Z,0,0,0,0,0,0
