epoch,model,train_loss,train_char_accuracy,val_loss,val_char_accuracy,train_seconds,val_seconds
1,dense,2.001493617296219,0.513203125,0.8175919556617737,0.88625,1.0600859000114724,0.0445215999498032
2,dense,0.3675942355394363,0.971640625,0.14642856121063233,0.993125,1.044622600020375,0.0377161999931559
3,dense,0.09333514899015427,0.9946875,0.0626957270503044,0.995,1.0730535999755375,0.03853170003276318
4,dense,0.048666997104883196,0.994765625,0.03782262749969959,0.99625,1.0591078999568708,0.037670399993658066
5,dense,0.018907084492966533,0.99890625,0.006774349343031645,1.0,1.076373899995815,0.037276300019584596
5,pruned,0.027464564936235548,0.997421875,0.010845355223864317,0.998125,0.9437661999836564,0.036920799990184605
6,dense,0.006711276383139193,0.999296875,0.0030882289353758095,1.0,1.072577899962198,0.05027479998534545
6,pruned,0.00951212306972593,0.99921875,0.004692101515829563,1.0,0.9428641999838874,0.03415269998367876
7,dense,0.003915108826477081,0.99953125,0.0018161811120808126,1.0,1.0515826999908313,0.038555000035557896
7,pruned,0.005644379695877433,0.999296875,0.002713248459622264,1.0,0.9172055999515578,0.03607209998881444
8,dense,0.0025277315475977957,0.99984375,0.0012363376980647446,1.0,1.09653670003172,0.03893529996275902
8,pruned,0.0037688897689804437,0.999453125,0.0018218694487586618,1.0,0.9538611000170931,0.03423240000847727
9,dense,0.0017782929574605077,0.99984375,0.0009051897376775741,1.0,1.0826512000057846,0.039043999975547194
9,pruned,0.0026441591198090465,0.9996875,0.0013466310082003473,1.0,0.9414357999921776,0.036738700000569224
10,dense,0.0013137270597508178,0.99984375,0.0006770875514484942,1.0,1.0063860999653116,0.04113220004364848
10,pruned,0.0019003262801561504,0.99984375,0.0009959922614507378,1.0,0.9399751999881119,0.03863700001966208
11,dense,0.0010279244609409943,0.99984375,0.0005368763511069119,1.0,1.0604034999851137,0.041493199998512864
11,pruned,0.0014684008667245508,0.99984375,0.0007817432284355164,1.0,0.9385700999991968,0.0352167000528425
12,dense,0.000833340524113737,0.999921875,0.0004408561321906745,1.0,1.0604483999777585,0.042711200017947704
12,pruned,0.0011876248283078895,0.99984375,0.0006384220230393112,1.0,0.9361960999667645,0.03811229998245835
