sample_index,predicted_class,cycles,result_seq,jtag_load_ms,jtag_total_ms,probe_hex
0,3,1190040,1,1139,1217,0012289801000083
1,0,1190040,2,1119,1181,0012289802000180
2,14,1190040,3,1012,1101,001228980300028E
3,2,1190040,4,1027,1110,0012289804000382
4,6,1190040,5,1040,1110,0012289805000486
5,7,1190040,6,1088,1164,0012289806000587
6,8,1190040,7,996,1074,0012289807000688
7,7,1190040,8,1137,1227,0012289808000787
8,2,1190040,9,1116,1226,0012289809000882
9,9,1190040,10,1146,1224,001228980A000989
10,11,1190040,11,1071,1133,001228980B000A8B
11,0,1190040,12,1053,1142,001228980C000B80
12,9,1190040,13,1002,1068,001228980D000C89
13,7,1190040,14,1065,1128,001228980E000D87
14,4,1190040,15,1113,1180,001228980F000E84
15,2,1190040,16,1089,1185,0012289810000F82
16,3,1190040,17,1055,1133,0012289811001083
17,6,1190040,18,1033,1110,0012289812001186
18,10,1190040,19,1037,1110,001228981300128A
19,4,1190040,20,1010,1069,0012289814001384
20,0,1190040,21,1076,1138,0012289815001480
21,1,1190040,22,1043,1106,0012289816001581
22,8,1190040,23,1072,1138,0012289817001688
23,3,1190040,24,1106,1175,0012289818001783
24,3,1190040,25,1052,1128,0012289819001883
25,6,1190040,26,1091,1172,001228981A001986
26,10,1190040,27,1080,1144,001228981B001A8A
27,4,1190040,28,1066,1141,001228981C001B84
28,2,1190040,29,1080,1158,001228981D001C82
29,3,1190040,30,1030,1110,001228981E001D83
30,8,1190040,31,1050,1122,001228981F001E88
31,9,1190040,32,1127,1211,0012289820001F89
32,1,1190040,33,1105,1187,0012289821002081
33,4,1190040,34,1158,1236,0012289822002184
34,10,1190040,35,1069,1154,001228982300228A
35,2,1190040,36,1046,1121,0012289824002382
36,4,1190040,37,1059,1150,0012289825002484
37,9,1190040,38,1038,1116,0012289826002589
38,3,1190040,39,1170,1244,0012289827002683
39,3,1190040,40,1122,1215,0012289828002783
40,3,1190040,41,1191,1278,0012289829002883
41,0,1190040,42,1114,1208,001228982A002980
42,10,1190040,43,1086,1148,001228982B002A8A
43,0,1190040,44,1003,1069,001228982C002B80
44,6,1190040,45,1041,1102,001228982D002C86
45,3,1190040,46,1035,1096,001228982E002D83
46,4,1190040,47,1045,1122,001228982F002E84
47,2,1190040,48,1087,1162,0012289830002F82
48,3,1190040,49,1113,1185,0012289831003083
49,6,1190040,50,1073,1164,0012289832003186
50,12,1190040,51,1072,1148,001228983300328C
51,1,1190040,52,1047,1117,0012289834003381
52,2,1190040,53,982,1053,0012289835003482
53,3,1190040,54,1032,1111,0012289836003583
54,1,1190040,55,1117,1194,0012289837003681
55,5,1190040,56,1023,1102,0012289838003785
56,3,1190040,57,1017,1094,0012289839003883
57,6,1190040,58,1043,1105,001228983A003986
58,12,1190040,59,1133,1203,001228983B003A8C
59,0,1190040,60,1070,1135,001228983C003B80
60,3,1190040,61,1049,1112,001228983D003C83
61,2,1190040,62,1025,1094,001228983E003D82
62,6,1190040,63,1024,1092,001228983F003E86
63,2,1190040,64,1194,1269,0012289840003F82
64,3,1190040,65,1096,1172,0012289841004083
65,7,1190040,66,1174,1252,0012289842004187
66,11,1190040,67,1121,1195,001228984300428B
67,2,1190040,68,1049,1111,0012289844004382
68,7,1190040,69,1049,1124,0012289845004487
69,2,1190040,70,1019,1090,0012289846004582
70,8,1190040,71,1082,1147,0012289847004688
71,5,1190040,72,1105,1186,0012289848004785
72,6,1190040,73,1098,1162,0012289849004886
73,3,1190040,74,1129,1190,001228984A004983
74,6,1190040,75,1082,1153,001228984B004A86
75,11,1190040,76,1005,1072,001228984C004B8B
76,6,1190040,77,1020,1098,001228984D004C86
77,4,1190040,78,1055,1130,001228984E004D84
78,3,1190040,79,1025,1088,001228984F004E83
79,2,1190040,80,1017,1079,0012289850004F82
80,9,1190040,81,1029,1105,0012289851005089
81,2,1190040,82,1098,1190,0012289852005182
82,2,1190040,83,1144,1209,0012289853005282
83,9,1190040,84,1063,1133,0012289854005389
84,15,1190040,85,1021,1094,001228985500548F
85,1,1190040,86,1035,1112,0012289856005581
86,1,1190040,87,1053,1125,0012289857005681
87,4,1190040,88,1036,1109,0012289858005784
88,8,1190040,89,1093,1154,0012289859005888
89,7,1190040,90,1142,1216,001228985A005987
90,3,1190040,91,1230,1304,001228985B005A83
91,8,1190040,92,1171,1255,001228985C005B88
92,9,1190040,93,1128,1213,001228985D005C89
93,6,1190040,94,1068,1140,001228985E005D86
94,1,1190040,95,1046,1117,001228985F005E81
95,0,1190040,96,1121,1203,0012289860005F80
96,3,1190040,97,1163,1235,0012289861006083
97,3,1190040,98,1232,1319,0012289862006183
98,1,1190040,99,1150,1211,0012289863006281
99,6,1190040,100,1140,1213,0012289864006386
