epoch,model,real_val_char_accuracy,real_val_plate_accuracy,stage,train_char_accuracy,train_loss,train_seconds
1,dense,0.296,,generated_only,0.7148,1.4049916234493256,1.0018870999920182
2,dense,0.3296,,generated_only,0.9779,0.15395755650997162,0.8023613999830559
3,dense,0.3256,,generated_only,0.99035,0.06826020745635032,1.0016716000100132
4,dense,0.3192,,generated_only,0.99405,0.03966536059826613,1.0697464999975637
5,dense,0.3048,,generated_only,0.99925,0.01551065016798675,1.0521259999950416
5,pruned,0.3168,,generated_only,0.99765,0.023549235768243672,1.0263993999978993
6,dense,0.3096,,generated_only,0.99995,0.004752841339167207,1.1261298999888822
6,pruned,0.3096,,generated_only,0.99995,0.007043013163097203,0.9473546000081114
7,dense,0.272,,generated_only,0.99995,0.002420736326277256,1.026099599985173
7,pruned,0.284,,generated_only,0.99995,0.0034850958082824944,0.9257110000180546
8,dense,0.268,,generated_only,0.99995,0.0014837549191433937,1.1569063999922946
8,pruned,0.2768,,generated_only,0.99995,0.002106275023985654,1.0037474000127986
1,dense,0.9104,0.52,generated_plus_real,0.9357142857142857,0.29152407666274477,2.0273035999853164
1,pruned,0.9088,0.5,generated_plus_real,0.9323714285714285,0.3076413313303675,1.7546241000236478
2,dense,0.9384,0.6733333333333333,generated_plus_real,0.9696,0.14266698338985442,2.0616502000193577
2,pruned,0.9288,0.6133333333333333,generated_plus_real,0.9670285714285715,0.1539830053806305,1.696130299998913
3,dense,0.9456,0.7,generated_plus_real,0.9754285714285714,0.11755866548504149,2.0614357000158634
3,pruned,0.9392,0.66,generated_plus_real,0.9726857142857143,0.12877409932443074,1.8078049000177998
4,dense,0.9544,0.7533333333333333,generated_plus_real,0.9793714285714286,0.10196917327131544,2.023431100009475
4,pruned,0.9464,0.7066666666666667,generated_plus_real,0.9773428571428572,0.11267267629419055,1.8194744000211358
5,dense,0.9576,0.7666666666666667,generated_plus_real,0.9817714285714285,0.09124021550927844,2.1571581999887712
5,pruned,0.9512,0.7266666666666667,generated_plus_real,0.9796571428571429,0.10135128185408455,1.83591150000575
6,dense,0.9552,0.76,generated_plus_real,0.9838,0.08260654167958668,2.098401700000977
6,pruned,0.9552,0.7466666666666667,generated_plus_real,0.9817428571428571,0.09252105794974735,1.6378392000042368
7,dense,0.9584,0.78,generated_plus_real,0.9846285714285714,0.07713626272933824,2.013344600010896
7,pruned,0.9568,0.76,generated_plus_real,0.9825714285714285,0.08700938801765441,1.7248505000025034
8,dense,0.9608,0.8,generated_plus_real,0.986,0.07085529978786197,2.1505985999829136
8,pruned,0.956,0.76,generated_plus_real,0.9837714285714285,0.08083414608921323,1.7618096999940462
9,dense,0.956,0.76,generated_plus_real,0.9864285714285714,0.06624369243894304,2.041872499976307
9,pruned,0.9592,0.78,generated_plus_real,0.9846571428571429,0.07595703084468841,1.868693099997472
10,dense,0.964,0.8066666666666666,generated_plus_real,0.9876285714285714,0.061976842212677005,2.2470309999771416
10,pruned,0.96,0.78,generated_plus_real,0.9854857142857143,0.0719176242351532,1.792361300002085
