epoch,train_loss,train_character_accuracy,validation_character_accuracy_two_row,validation_plate_exact_two_row,validation_character_accuracy_one_row_replay,validation_plate_exact_one_row_replay,validation_character_accuracy_combined,validation_plate_exact_combined,hard_examples_selected_fraction,learning_rate,epoch_seconds
1,0.38127699836959533,0.9581094464462566,0.9569235847499588,0.8475935828877005,0.99875,0.99,0.9687906371911573,0.8883587786259542,0.2500158037802642,9.829629131445342e-05,3.8057026999995287
2,0.35442035192107646,0.9600901869060413,0.9580788909060901,0.8475935828877005,0.99875,0.99,0.9696181581747252,0.8883587786259542,0.2500158037802642,9.330127018922195e-05,4.052489100000457
3,0.34423100471190127,0.9608487683587248,0.9585740221158607,0.8516042780748663,0.99875,0.99,0.9699728100248256,0.8912213740458015,0.2500158037802642,8.535533905932738e-05,4.140567399999782
4,0.3340258807321313,0.9622395010219778,0.9582439346426803,0.8529411764705882,0.9983333333333333,0.9866666666666667,0.9696181581747252,0.8912213740458015,0.2500158037802642,7.500000000000001e-05,4.1966591999998855
5,0.3279862092449898,0.9625766483342816,0.9593992407988117,0.8596256684491979,0.9983333333333333,0.9866666666666667,0.9704456791582929,0.8959923664122137,0.2500158037802642,6.294095225512605e-05,4.147425699999985
6,0.3252186408978757,0.9621973576079398,0.9593992407988117,0.8582887700534759,0.9979166666666667,0.9833333333333333,0.9703274618749261,0.8940839694656488,0.2500158037802642,5.000000000000001e-05,4.0301542999995945
7,0.3204400262494132,0.9633352297869651,0.9593992407988117,0.8609625668449198,0.9983333333333333,0.9866666666666667,0.9704456791582929,0.8969465648854962,0.2500158037802642,3.705904774487398e-05,4.1838343000008535
8,0.3186606531860901,0.9636091619782119,0.9598943720085823,0.8622994652406417,0.9983333333333333,0.9866666666666667,0.9708003310083935,0.8979007633587787,0.2500158037802642,2.5000000000000018e-05,4.322897200000625
9,0.31444817855425095,0.9638830941694587,0.9593992407988117,0.8582887700534759,0.9983333333333333,0.9866666666666667,0.9704456791582929,0.8950381679389313,0.2500158037802642,1.4644660940672632e-05,4.180603799999517
10,0.3150667783529867,0.9642413131887814,0.9602244594817627,0.8649732620320856,0.9979166666666667,0.9833333333333333,0.9709185482917603,0.898854961832061,0.2500158037802642,6.698729810778067e-06,3.9715627999994467
11,0.3135122342301794,0.9641991697747434,0.9603895032183528,0.8663101604278075,0.9979166666666667,0.9833333333333333,0.9710367655751271,0.8998091603053435,0.2500158037802642,1.7037086855465907e-06,3.861820899999657
12,0.31176237865121004,0.9642202414817624,0.9602244594817627,0.8649732620320856,0.9979166666666667,0.9833333333333333,0.9709185482917603,0.898854961832061,0.2500158037802642,0.0,4.00777300000027
